{
  "aggregate": {
    "faithfulness": 0.8291666666666666,
    "answer_relevancy": 0.7087861744946944,
    "context_precision": 0.9333333332774998,
    "context_recall": 0.9083333333333332
  },
  "num_questions": 20,
  "failures": []
}